﻿<?xml version="1.0" encoding="utf-8"?>
<Defs>
    <!--突击派系优先-->
    <DutyDef>
        <defName>SrAssaultFactionFirst</defName>
        <alwaysShowWeapon>true</alwaysShowWeapon>
        <thinkNode Class="ThinkNode_Priority">
            <subNodes>
                <li Class="JobGiver_TakeCombatEnhancingDrug"/>
                <li Class="SR.ModRimWorld.FactionalWar.JobGiverAIFightHostileFaction">
                    <targetAcquireRadius>35</targetAcquireRadius>
                    <targetKeepRadius>72</targetKeepRadius>
                </li>
                <li Class="SR.ModRimWorld.FactionalWar.JobGiverAIGotoNearestHostileFactionMember"/>
                <li Class="SR.ModRimWorld.FactionalWar.JobGiverAISapper">
                    <canMineNonMineables>false</canMineNonMineables>
                </li>
            </subNodes>
        </thinkNode>
        <constantThinkNode Class="ThinkNode_ConditionalCanPickupOpportunisticWeapon">
            <subNodes>
                <li Class="JobGiver_PickUpOpportunisticWeapon"/>
            </subNodes>
        </constantThinkNode>
    </DutyDef>
    <!--击杀敌对派系成员-->
    <DutyDef>
        <defName>SrKillHostileFactionMember</defName>
        <thinkNode Class="ThinkNode_Priority">
            <subNodes>
                <li Class="JobGiver_AIDefendSelf">
                    <targetAcquireRadius>35</targetAcquireRadius>
                    <targetKeepRadius>40</targetKeepRadius>
                </li>
                <li Class="JobGiver_SelfTend"/>
                <li Class="SR.ModRimWorld.FactionalWar.JobGiverKillHostileFactionMember"/>
            </subNodes>
        </thinkNode>
    </DutyDef>
    <!--清理战场-->
    <DutyDef>
        <defName>SrClearBattlefield</defName>
        <thinkNode Class="ThinkNode_Priority">
            <subNodes>
                <li Class="JobGiver_TakeWoundedGuest"/>
                <li Class="SR.ModRimWorld.FactionalWar.JobGiverTakeSpoils"/>
                <li Class="JobGiver_AIDefendSelf">
                    <targetAcquireRadius>35</targetAcquireRadius>
                    <targetKeepRadius>40</targetKeepRadius>
                </li>
                <li Class="JobGiver_ExitMapBest">
                    <defaultLocomotion>Jog</defaultLocomotion>
                    <jobMaxDuration>500</jobMaxDuration>
                    <forceCanDigIfAnyHostileActiveThreat>true</forceCanDigIfAnyHostileActiveThreat>
                    <forceCanDigIfCantReachMapEdge>true</forceCanDigIfCantReachMapEdge>
                </li>
            </subNodes>
        </thinkNode>
    </DutyDef>
    <!--防守据点-->
    <DutyDef>
        <defName>SrDefend</defName>
        <alwaysShowWeapon>true</alwaysShowWeapon>
        <thinkNode Class="ThinkNode_Priority">
            <subNodes>
                <li Class="JobGiver_TakeCombatEnhancingDrug">
                    <onlyIfInDanger>true</onlyIfInDanger>
                </li>
                <li Class="JobGiver_AIDefendPoint">
                    <targetAcquireRadius>80</targetAcquireRadius>
                    <targetKeepRadius>80</targetKeepRadius>
                </li>
                <li Class="JobGiver_FightFiresNearPoint">
                    <maxDistFromPoint>40</maxDistFromPoint>
                </li>
                <li Class="ThinkNode_ForbidOutsideFlagRadius">
                    <maxDistToSquadFlag>16</maxDistToSquadFlag>
                    <subNodes>
                        <li Class="ThinkNode_Subtree">
                            <treeDef>SatisfyBasicNeedsAndWork</treeDef>
                        </li>
                    </subNodes>
                </li>
                <li Class="JobGiver_SelfTend"/>
                <li Class="JobGiver_WanderNearDutyLocation">
                    <wanderRadius>8</wanderRadius>
                </li>
            </subNodes>
        </thinkNode>
    </DutyDef>
    <!--撤退-->
    <DutyDef>
        <defName>SrRetreat</defName>
        <thinkNode Class="ThinkNode_Priority">
            <subNodes>
                <li Class="JobGiver_TakeWoundedGuest"/>
                <li Class="SR.ModRimWorld.FactionalWar.JobGiverTakeBestThing"/>
                <li Class="JobGiver_AIDefendSelf">
                    <targetAcquireRadius>35</targetAcquireRadius>
                    <targetKeepRadius>40</targetKeepRadius>
                </li>
                <li Class="JobGiver_ExitMapBest">
                    <defaultLocomotion>Jog</defaultLocomotion>
                    <jobMaxDuration>500</jobMaxDuration>
                    <forceCanDigIfAnyHostileActiveThreat>true</forceCanDigIfAnyHostileActiveThreat>
                    <forceCanDigIfCantReachMapEdge>true</forceCanDigIfCantReachMapEdge>
                </li>
            </subNodes>
        </thinkNode>
    </DutyDef>
    <!--掠夺派系-->
    <DutyDef>
        <defName>SrPlunderFaction</defName>
        <thinkNode Class="ThinkNode_Priority">
            <subNodes>
                <li Class="SR.ModRimWorld.FactionalWar.JobGiverDestroyDoor"/>
                <li Class="JobGiver_TakeWoundedGuest"/>
                <li Class="SR.ModRimWorld.FactionalWar.JobGiverKidnapFaction"/>
                <li Class="SR.ModRimWorld.FactionalWar.JobGiverTakeBestThing"/>
                <li Class="JobGiver_AIDefendSelf">
                    <targetAcquireRadius>35</targetAcquireRadius>
                    <targetKeepRadius>40</targetKeepRadius>
                </li>
                <li Class="JobGiver_ExitMapBest">
                    <defaultLocomotion>Jog</defaultLocomotion>
                    <jobMaxDuration>500</jobMaxDuration>
                    <forceCanDigIfAnyHostileActiveThreat>true</forceCanDigIfAnyHostileActiveThreat>
                    <forceCanDigIfCantReachMapEdge>true</forceCanDigIfCantReachMapEdge>
                </li>
            </subNodes>
        </thinkNode>
    </DutyDef>
</Defs>