﻿<?xml version="1.0" encoding="utf-8" ?>
<Defs>
    <SitePartDef>
        <defName>SrFactionTempCamp</defName>
        <label>Faction Defense</label>
        <description>A camp at war.</description>
        <workerClass>SR.ModRimWorld.FactionalWar.SitePartWorkerEmpty</workerClass>
        <siteTexture>World/WorldObjects/Sites/FactionTempCamp</siteTexture>
        <expandingIconTexture>World/WorldObjects/Sites/FactionTempCampExpand</expandingIconTexture>
        <applyFactionColorToSiteTexture>false</applyFactionColorToSiteTexture>
        <showFactionInInspectString>true</showFactionInInspectString>
        <requiresFaction>true</requiresFaction>
        <arrivedLetter>The troop have arrived on the battlefield.</arrivedLetter>
        <arrivedLetterDef>NegativeEvent</arrivedLetterDef>
        <wantsThreatPoints>false</wantsThreatPoints>
    </SitePartDef>
    <GenStepDef>
        <defName>SrTempCamp</defName>
        <linkWithSite>SrFactionTempCamp</linkWithSite>
        <order>450</order>
        <genStep Class="SR.ModRimWorld.FactionalWar.GenStepTempCamp"/>
    </GenStepDef>
    <GenStepDef>
        <defName>SrCampPower</defName>
        <linkWithSite>SrFactionTempCamp</linkWithSite>
        <order>451</order>
        <genStep Class="GenStep_Power"/>
    </GenStepDef>
</Defs>
