﻿<?xml version="1.0" encoding="utf-8" ?>
<Defs>
    <SitePartDef>
        <defName>SrFactionWarShelling</defName>
        <label>Faction Bombardment</label>
        <description>Two unknown factions are engaged in a fierce shelling battle here.</description>
        <workerClass>SR.ModRimWorld.FactionalWar.SitePartWorkerEmpty</workerClass>
        <siteTexture>World/WorldObjects/Sites/FactionWarShelling</siteTexture>
        <expandingIconTexture>World/WorldObjects/Sites/FactionWarShellingExpand</expandingIconTexture>
        <applyFactionColorToSiteTexture>false</applyFactionColorToSiteTexture>
        <showFactionInInspectString>false</showFactionInInspectString>
        <requiresFaction>false</requiresFaction>
        <arrivedLetter>The troop have arrived on the battlefield.</arrivedLetter>
        <arrivedLetterDef>NegativeEvent</arrivedLetterDef>
        <wantsThreatPoints>true</wantsThreatPoints>
    </SitePartDef>
</Defs>
