<?xml version="1.0" encoding="utf-8"?>
<ModMetaData>
    <packageId>SR.ModRimworld.FactionalWar</packageId>
    <name>[SR]Factional War</name>
    <author>Shadowrabbit</author>
    <supportedVersions>
        <li>1.2</li>
        <li>1.3</li>
        <li>1.4</li>
    </supportedVersions>
    <loadAfter>
        <li>Ludeon.RimWorld</li>
    </loadAfter>
    <description>This Mod adds 4 types of incidents.\n\nIn these incidents, you are not the protagonist, and you are not at the center of the war. You are just a bystander, and you have the right to choose whether to be involved in the incident.\n\nThe enemy's AI will have some more detailed performances, such as self-treat, killing enemy wounded, rescuing friendly wounded, destroying enemy factions and plundering loot, assaulting enemy faction camps, destroying enemy faction rooms to find loot, kidnapping members of hositle factions, and so on.
    </description>
</ModMetaData>